Competitor,Title,Link,Snippet
"TCS","TCS and Virgin Media O2 Win the GSA Professional Award","https://www.tcs.com/who-we-are/newsroom/press-release/tcs-virgin-media-o2-win-gsa-professional-award-2022","TCS collaborated with Virgin Media O2 to reimagine the end-to-end customer journey, transforming IT infrastructure for resilient and always-on communication services."
"Wipro","Wipro Named Digital Partner for Virgin Media","https://www.wipro.com/digital/partners/","Wipro is listed among Virgin Media's digital partners, collaborating on innovative solutions in the communications and media sector."
"Cognizant","Cognizant in Virgin Media Partner Ecosystem","https://www.cognizant.com/us/en/about-cognizant/partners","Cognizant is included in Virgin Media's partner ecosystem, contributing to communications, media, and technology solutions."
"Accenture","Virgin Media O2 Partners with Accenture on 5G","https://newsroom.accenture.com/news/2024/virgin-media-o2-partners-with-accenture-to-enhance-private-5g-solutions-for-uk-businesses-tapping-into-estimated-half-a-billion-pound-uk-market","Accenture partnered with Virgin Media O2 to enhance private 5G solutions for UK businesses, leveraging their digital platforms and industry expertise."
"Capgemini","Capgemini Supports Virgin Media Digital Initiatives","https://www.capgemini.com/about-us/technology-partners/","Capgemini has been recognized as a technology partner by Virgin Media, contributing to various digital transformation initiatives."
"HCL Technologies","HCL Strategic Alliance with Virgin Media","https://www.hcltech.com/about-us/alliances","HCL Technologies is part of Virgin Media's strategic alliances, working together on various technology and digital initiatives."
"Tech Mahindra","Tech Mahindra Powers AI CX for Virgin Media","https://www.techmahindra.com/insights/press-releases/tech-mahindra-and-liveperson-power-ai-driven-customer-experience-financial-services-healthcare/","Tech Mahindra, in partnership with LivePerson, provided AI-driven customer experience solutions to Virgin Media, enhancing digital interactions."
"IBM","IBM Supports Digital Accessibility with Virgin Media","https://www.virginmedia.com/corporate/sustainability/stories/collaborating-with-our-b2b-customers-for-scope","IBM collaborated with Virgin Media Business and the Scope charity to address digital accessibility challenges, promoting inclusive digital services."
"Deloitte","Deloitte Backs Virgin Media ESG Strategy","https://www.deloitte.com/uk/en/about/story/impact/virgin-media-o2s-esg-strategy.html","Deloitte supported Virgin Media O2's ambitious ESG strategy, aiding in the development and implementation of their Better Connections Plan."
